text,pagination,pagination-href,link_to_truth_page-src
"Says U.S. greenhouse gas ""emissions are at 20-year lows.""","","http://www.politifact.com/subjects/climate-change/statements/?page=6","http://static.politifact.com.s3.amazonaws.com/rulings/tom-mostlyfalse.png"
"""Smog was invented in Los Angeles. It was. The name was invented. There was a fellow at Caltech and he came up with the idea and they called it smog.""","","http://www.politifact.com/subjects/climate-change/statements/?page=2","http://static.politifact.com.s3.amazonaws.com/rulings/tom-halftrue.png"
"A bill to advance the Keystone XL Pipeline ""is an earmark"" under House rules.","","http://www.politifact.com/subjects/climate-change/statements/?page=6","http://static.politifact.com.s3.amazonaws.com/rulings/tom-false.png"
"Says 

""With nearly 75 percent of Americans supportive of the construction of the pipeline, Schrader needs to explain to Oregon families why he voted against this needed project.""","","http://www.politifact.com/subjects/climate-change/statements/?page=6","http://static.politifact.com.s3.amazonaws.com/rulings/tom-mostlytrue.png"
"More money is dedicated within the Department of Homeland Security to climate change than what's spent combating ""Islamist terrorists radicalizing over the Internet in the United States of America.""","","http://www.politifact.com/subjects/climate-change/statements/?page=3","http://static.politifact.com.s3.amazonaws.com/rulings/tom-mostlytrue.png"
"""Bill White ... supports the ‘ObamaCare’ socialized medicine plan, as well as ‘Cap and Trade’ legislation that would kill thousands of Texas jobs.""","","http://www.politifact.com/subjects/climate-change/statements/?page=8","http://static.politifact.com.s3.amazonaws.com/rulings/tom-pantsonfire.gif"
"Mark Warner’s ""record is one of acting against"" the Keystone XL pipeline.","","http://www.politifact.com/subjects/climate-change/statements/?page=4","http://static.politifact.com.s3.amazonaws.com/rulings/tom-mostlyfalse.png"
"Says. Rep. Joe Barton, R-Texas, once said, ""Wind is a finite resource and harnessing it would slow the winds down, which would cause the temperature to go up.""","","http://www.politifact.com/subjects/climate-change/statements/?page=3","http://static.politifact.com.s3.amazonaws.com/rulings/tom-mostlyfalse.png"
"A cap-and-trade plan promoted by Barack Obama would hit hardest ""those already struggling to make ends meet.""","","http://www.politifact.com/subjects/climate-change/statements/?page=9","http://static.politifact.com.s3.amazonaws.com/rulings/tom-halftrue.png"
"""We would create thousands of jobs in Colorado, if the Keystone Pipeline were to be built.""","","http://www.politifact.com/subjects/climate-change/statements/?page=4","http://static.politifact.com.s3.amazonaws.com/rulings/tom-mostlyfalse.png"
"Says President Barack Obama’s homeland security budget had ""$16 million to fight climate change"" but ""didn't have a line item to fight violent extremism.""","","http://www.politifact.com/subjects/climate-change/statements/?page=2","http://static.politifact.com.s3.amazonaws.com/rulings/tom-mostlyfalse.png"
"""My opponent in November of 2008 sent a missive to the White House, to President Obama-elect, and said, 'Here's how you need to sell cap-and-trade to the American people.' ""","","http://www.politifact.com/subjects/climate-change/statements/?page=8","http://static.politifact.com.s3.amazonaws.com/rulings/tom-pantsonfire.gif"
"Says Mitt Romney has said different things about whether global warming is caused by humans","","http://www.politifact.com/subjects/climate-change/statements/?page=7","http://static.politifact.com.s3.amazonaws.com/rulings/tom-mostlytrue.png"
"Contends that President Obama ""literally said (if) his cap-and-trade proposals were to pass, that utility rates, his words now, would, 'necessarily skyrocket.'""","","http://www.politifact.com/subjects/climate-change/statements/?page=9","http://static.politifact.com.s3.amazonaws.com/rulings/tom-true.png"
"Says Newt Gingrich aligned with Nancy Pelosi on global warming.","","http://www.politifact.com/subjects/climate-change/statements/?page=7","http://static.politifact.com.s3.amazonaws.com/rulings/tom-true.png"
"Says the media created the term ""polar vortex"" and the cold air proves ""the ice isn’t melting.""","","http://www.politifact.com/subjects/climate-change/statements/?page=5","http://static.politifact.com.s3.amazonaws.com/rulings/tom-pantsonfire.gif"
"Says Mitt Romney supports cap and trade.","","http://www.politifact.com/subjects/climate-change/statements/?page=7","http://static.politifact.com.s3.amazonaws.com/rulings/tom-false.png"
"Recent record-low water levels in Lake Michigan are evidence that global warming is leading to ""the evaporation of our Great Lakes.""","","http://www.politifact.com/subjects/climate-change/statements/?page=6","http://static.politifact.com.s3.amazonaws.com/rulings/tom-halftrue.png"
"Says ""11 straight years of no major hurricanes striking land"" in the United States ""bores a hole right through the whole climate change argument.""","","","http://static.politifact.com.s3.amazonaws.com/rulings/tom-pantsonfire.gif"
"The United States can immediately tap a domestic energy resource of ""more than 1.5 trillion barrels of oil, six times more than Saudi Arabia.""","","http://www.politifact.com/subjects/climate-change/statements/?page=6","http://static.politifact.com.s3.amazonaws.com/rulings/tom-mostlyfalse.png"
"""More than 7,000 Americans lost their lives to climate change-fueled events last year.""","","http://www.politifact.com/subjects/climate-change/statements/?page=3","http://static.politifact.com.s3.amazonaws.com/rulings/tom-false.png"
"Wisconsin’s attorney general and state treasurer ordered the daughter of Earth Day founder Gaylord Nelson not to discuss climate change on state time.","","http://www.politifact.com/subjects/climate-change/statements/?page=3","http://static.politifact.com.s3.amazonaws.com/rulings/tom-true.png"
"Obama has admitted a cap and trade plan would cause electricity bills to ""skyrocket.""","","http://www.politifact.com/subjects/climate-change/statements/?page=9","http://static.politifact.com.s3.amazonaws.com/rulings/tom-true.png"
"""DEP has 2,812 employees, the lowest level since the mid-’80s.""","","http://www.politifact.com/subjects/climate-change/statements/?page=6","http://static.politifact.com.s3.amazonaws.com/rulings/tom-halftrue.png"
"Despite attention on global warming, ""fewer Americans carpool today to work than carpooled in 1980"" and ""SUVs have never been a larger proportion of the vehicles being sold in this country.""","","http://www.politifact.com/subjects/climate-change/statements/?page=2","http://static.politifact.com.s3.amazonaws.com/rulings/tom-mostlytrue.png"
"""Hurricane Sandy, the most destructive Atlantic storm ever.""","","http://www.politifact.com/subjects/climate-change/statements/?page=6","http://static.politifact.com.s3.amazonaws.com/rulings/tom-mostlyfalse.png"
"On a cap-and-trade plan.","","http://www.politifact.com/subjects/climate-change/statements/?page=8","http://static.politifact.com.s3.amazonaws.com/rulings/fom-fullFlop.png"
"Annual precipitation ""has increased in Rhode Island by over 12 inches in the last century.""","","http://www.politifact.com/subjects/climate-change/statements/?page=3","http://static.politifact.com.s3.amazonaws.com/rulings/tom-true.png"
"""I never favored cap and trade.""","","http://www.politifact.com/subjects/climate-change/statements/?page=7","http://static.politifact.com.s3.amazonaws.com/rulings/tom-false.png"
"""Texas ranks: #1 in worker deaths, #1 carbon emissions, #50 in high school graduates, #50 in funding for mental health patients.""","","http://www.politifact.com/subjects/climate-change/statements/?page=5","http://static.politifact.com.s3.amazonaws.com/rulings/tom-halftrue.png"
"""Narragansett Bay waters are getting warmer -- 4 degrees Fahrenheit warmer in the winter since the 1960s.""","","http://www.politifact.com/subjects/climate-change/statements/?page=6","http://static.politifact.com.s3.amazonaws.com/rulings/tom-halftrue.png"
"The Chamber of Commerce says new carbon regulations will kill ""244,000 jobs a year"" and cost average families ""$1,200 a year.""","","http://www.politifact.com/subjects/climate-change/statements/?page=4","http://static.politifact.com.s3.amazonaws.com/rulings/tom-false.png"
"The Keystone oil pipeline ""would employ 20,000 people in the United States.""","","http://www.politifact.com/subjects/climate-change/statements/?page=7","http://static.politifact.com.s3.amazonaws.com/rulings/tom-false.png"
"""Global surface temperatures have been flat for 16 years.""","","http://www.politifact.com/subjects/climate-change/statements/?page=5","http://static.politifact.com.s3.amazonaws.com/rulings/tom-halftrue.png"
"Says ""Did you know that the #KeystoneXL project is expected to create 20,000 American jobs, including more than 800 in Oregon?""","","http://www.politifact.com/subjects/climate-change/statements/?page=6","http://static.politifact.com.s3.amazonaws.com/rulings/tom-mostlyfalse.png"
"Climate change is ""directly related"" to the growth of terrorism.","","http://www.politifact.com/subjects/climate-change/statements/?page=2","http://static.politifact.com.s3.amazonaws.com/rulings/tom-mostlyfalse.png"
"Says there’s not ""much evidence to suggest that people have (contributed to global warming) or can do very much to change anything.""","","http://www.politifact.com/subjects/climate-change/statements/?page=7","http://static.politifact.com.s3.amazonaws.com/rulings/tom-false.png"
"Proposed tax changes are a ""handout"" to BP.","","http://www.politifact.com/subjects/climate-change/statements/?page=8","http://static.politifact.com.s3.amazonaws.com/rulings/tom-halftrue.png"
"Says Miami Congressman Carlos ""Curbelo supports drilling offshore"" and ""repeatedly voted against President Obama's ability to fight pollution and combat climate change.""","","","http://static.politifact.com.s3.amazonaws.com/rulings/tom-mostlyfalse.png"
"Claims Ohio Gov. John Kasich says climate change is a problem.","","http://www.politifact.com/subjects/climate-change/statements/?page=6","http://static.politifact.com.s3.amazonaws.com/rulings/tom-true.png"
"Gas will reach $4 a gallon under a cap-and-trade plan.","","http://www.politifact.com/subjects/climate-change/statements/?page=9","http://static.politifact.com.s3.amazonaws.com/rulings/tom-mostlyfalse.png"
"""Scientists project that the Arctic will be ice-free in the summer of 2013.""","","http://www.politifact.com/subjects/climate-change/statements/?page=9","http://static.politifact.com.s3.amazonaws.com/rulings/tom-mostlyfalse.png"
"""This president spends 30 times as much money on global warming research as he does on weather forecasting and warning.""","","http://www.politifact.com/subjects/climate-change/statements/?page=6","http://static.politifact.com.s3.amazonaws.com/rulings/tom-mostlyfalse.png"
"""President Obama's proposal calls for serious cuts in our own long-term carbon emissions,"" but China and India will still be allowed to increase their emissions.","","http://www.politifact.com/subjects/climate-change/statements/?page=9","http://static.politifact.com.s3.amazonaws.com/rulings/tom-true.png"
"""[Renewable energy] projects . . . get us off foreign oil and away, step by step, from these foreign entanglements that we have to get into to defend our oil supply.""","","http://www.politifact.com/subjects/climate-change/statements/?page=7","http://static.politifact.com.s3.amazonaws.com/rulings/tom-mostlyfalse.png"
"After the 9/11 terrorist attacks grounded commercial air traffic, ""there was a temperature drop while the airplanes weren't flying, for the week afterwards.""","","http://www.politifact.com/subjects/climate-change/statements/?page=6","http://static.politifact.com.s3.amazonaws.com/rulings/tom-mostlyfalse.png"
"Says President Obama's decision to not issue a permit for the Keystone XL pipeline meant ""we were denied the ability immediately to reduce prices at the pump.""","","http://www.politifact.com/subjects/climate-change/statements/?page=7","http://static.politifact.com.s3.amazonaws.com/rulings/tom-false.png"
"U.S. Sen. Bill Nelson ""chose to side with President Obama"" against the Keystone pipeline","","http://www.politifact.com/subjects/climate-change/statements/?page=6","http://static.politifact.com.s3.amazonaws.com/rulings/tom-halftrue.png"
"The Obama administration's cap-and-trade plan would create ""a $1,761 yearly energy tax.""","","http://www.politifact.com/subjects/climate-change/statements/?page=9","http://static.politifact.com.s3.amazonaws.com/rulings/tom-false.png"
"""The nearly six-year delay in approving Keystone is costing Americans more than 100,000 jobs.""","","http://www.politifact.com/subjects/climate-change/statements/?page=4","http://static.politifact.com.s3.amazonaws.com/rulings/tom-false.png"
"Gas prices have doubled because ""Obama opposed exploring for energy in Alaska. He gave millions of tax dollars to Solyndra, which then went bankrupt. And he blocked the Keystone pipeline. So we will all pay more at the pump.""","","http://www.politifact.com/subjects/climate-change/statements/?page=7","http://static.politifact.com.s3.amazonaws.com/rulings/tom-false.png"
"""I have always said that I would be for drilling.""","","http://www.politifact.com/subjects/climate-change/statements/?page=7","http://static.politifact.com.s3.amazonaws.com/rulings/tom-pantsonfire.gif"
"""The weight of the evidence (on global warming) is that most of it, maybe all of it, is because of natural causes ... it’s fair to say the science is in dispute.""","","http://www.politifact.com/subjects/climate-change/statements/?page=7","http://static.politifact.com.s3.amazonaws.com/rulings/tom-false.png"
"""[Tailpipe emissions rules], if fully implemented with all the regulations that go with it, they will keep the temperature from rising nearly five one-hundredths of a degree Fahrenheit. By 2050.""","","http://www.politifact.com/subjects/climate-change/statements/?page=8","http://static.politifact.com.s3.amazonaws.com/rulings/tom-true.png"
"Says Barack Obama told the U.S. Coast Guard Academy ""that the number one threat to the military and the world today is global warming.""","","http://www.politifact.com/subjects/climate-change/statements/?page=3","http://static.politifact.com.s3.amazonaws.com/rulings/tom-mostlyfalse.png"
"On whether humans contribute to global warming","","http://www.politifact.com/subjects/climate-change/statements/?page=6","http://static.politifact.com.s3.amazonaws.com/rulings/fom-halfFlip.png"
"The claim that 97 percent of scientists believe humans are causing climate change has been debunked by the ""head"" of the United Nations Intergovernmental Panel on Climate Change. ""That number was pulled out of thin air.""","","http://www.politifact.com/subjects/climate-change/statements/?page=3","http://static.politifact.com.s3.amazonaws.com/rulings/tom-false.png"
"Carbon dioxide is not ""a primary contributor to the global warming that we see.""","","","http://static.politifact.com.s3.amazonaws.com/rulings/tom-false.png"
"""Since President Obama took office, gas prices have gone up 67 percent.""","","http://www.politifact.com/subjects/climate-change/statements/?page=8","http://static.politifact.com.s3.amazonaws.com/rulings/tom-halftrue.png"
"""The Republican leadership in the House has refused to address the issues that matter the most to Rhode Island, such as passing a jobs bill.""","","http://www.politifact.com/subjects/climate-change/statements/?page=5","http://static.politifact.com.s3.amazonaws.com/rulings/tom-pantsonfire.gif"
"""You go down to Miami and when it's flooding at high tide on a sunny day, fish are swimming through the middle of the streets.""","","http://www.politifact.com/subjects/climate-change/statements/?page=2","http://static.politifact.com.s3.amazonaws.com/rulings/tom-halftrue.png"
"""Food waste is the 3rd largest contributor"" of greenhouse gas emissions.","","","http://static.politifact.com.s3.amazonaws.com/rulings/tom-false.png"
"""Not one Republican has the guts to recognize that climate change is real.""","","http://www.politifact.com/subjects/climate-change/statements/?page=2","http://static.politifact.com.s3.amazonaws.com/rulings/tom-false.png"
"In a poll, ""53 percent of young Republican voters . . . under age 35 said that they would describe a climate [change] denier as 'ignorant,' 'out of touch' or 'crazy.'""","","http://www.politifact.com/subjects/climate-change/statements/?page=5","http://static.politifact.com.s3.amazonaws.com/rulings/tom-mostlytrue.png"
"Surface temperatures on Earth ""have stabilized.""","","http://www.politifact.com/subjects/climate-change/statements/?page=4","http://static.politifact.com.s3.amazonaws.com/rulings/tom-mostlyfalse.png"
"The United States is the leading nation in the world ""with the highest amount of doubt about the conventional wisdom of climate change.""","","http://www.politifact.com/subjects/climate-change/statements/?page=4","http://static.politifact.com.s3.amazonaws.com/rulings/tom-mostlytrue.png"
"""Only 3 percent of voters 18 to 34 don't believe that climate change is really happening.""","","http://www.politifact.com/subjects/climate-change/statements/?page=5","http://static.politifact.com.s3.amazonaws.com/rulings/tom-true.png"
"""Not only is there no scientific evidence that CO2 is a pollutant, higher CO2 concentrations actually help ecosystems support more plant and animal life.""","","http://www.politifact.com/subjects/climate-change/statements/?page=9","http://static.politifact.com.s3.amazonaws.com/rulings/tom-false.png"
"""The only candidate pocketing big money from people who want to destroy coal is Mitch McConnell.""","","http://www.politifact.com/subjects/climate-change/statements/?page=4","http://static.politifact.com.s3.amazonaws.com/rulings/tom-false.png"
"""There are over 100 pipelines between the United States and Canada right now.""","","http://www.politifact.com/subjects/climate-change/statements/?page=5","http://static.politifact.com.s3.amazonaws.com/rulings/tom-mostlyfalse.png"
"""For several days in July of 2012, Greenland surface ice cover melted more than at any time in 30 years of satellite observation. During that month, an estimated 97% of the ice sheet thawed.""","","http://www.politifact.com/subjects/climate-change/statements/?page=5","http://static.politifact.com.s3.amazonaws.com/rulings/tom-halftrue.png"
"Says ""Bill Clinton and George Bush both say build the Keystone XL.""","","http://www.politifact.com/subjects/climate-change/statements/?page=5","http://static.politifact.com.s3.amazonaws.com/rulings/tom-true.png"
"Scientists are ""questioning the original idea that man-made global warming is what is causing the climate to change. … (It is) more and more being put into question.""","","http://www.politifact.com/subjects/climate-change/statements/?page=7","http://static.politifact.com.s3.amazonaws.com/rulings/tom-false.png"
"The oceans ""have become 30 percent more acidic.""","","http://www.politifact.com/subjects/climate-change/statements/?page=5","http://static.politifact.com.s3.amazonaws.com/rulings/tom-mostlytrue.png"
"""The government is going to tell Americans they need to replace functioning stoves in their homes with 'government-certified' stoves and use taxpayer dollars to do so.""","","http://www.politifact.com/subjects/climate-change/statements/?page=9","http://static.politifact.com.s3.amazonaws.com/rulings/tom-halftrue.png"
"On whether global warming is man-made.","","http://www.politifact.com/subjects/climate-change/statements/?page=10","http://static.politifact.com.s3.amazonaws.com/rulings/fom-fullFlop.png"
"Says U.S. Sen. Ron Johnson voted to let oil and gas companies emit ""unlimited carbon pollution into our air""","","http://www.politifact.com/subjects/climate-change/statements/?page=5","http://static.politifact.com.s3.amazonaws.com/rulings/tom-true.png"
"""The climate hasn't warmed in quite a few years. That is proven scientifically.""","","","http://static.politifact.com.s3.amazonaws.com/rulings/tom-false.png"
"""No city in the state, no state in this nation, for that matter the entire world, has adopted (clean energy) targets more ambitious in scale.""","","http://www.politifact.com/subjects/climate-change/statements/?page=2","http://static.politifact.com.s3.amazonaws.com/rulings/tom-mostlytrue.png"
"""California is growing a hell of a lot faster than Texas.""","","","http://static.politifact.com.s3.amazonaws.com/rulings/tom-mostlytrue.png"
"""Cap-and-trade is wildly unpopular with Americans.""","","http://www.politifact.com/subjects/climate-change/statements/?page=9","http://static.politifact.com.s3.amazonaws.com/rulings/tom-false.png"
"""Our community (Tampa Bay) is one of the 10 most threatened by the sea level rise in the world.""","","http://www.politifact.com/subjects/climate-change/statements/?page=2","http://static.politifact.com.s3.amazonaws.com/rulings/tom-mostlytrue.png"
"A bill to cap carbon emissions ""could cost Ohio 100,000 jobs.""","","http://www.politifact.com/subjects/climate-change/statements/?page=8","http://static.politifact.com.s3.amazonaws.com/rulings/tom-mostlyfalse.png"
"As a result of climate change, ice fishermen in Wisconsin ""are already noticing fewer days they can be out on our ice covered lakes.""","","http://www.politifact.com/subjects/climate-change/statements/?page=5","http://static.politifact.com.s3.amazonaws.com/rulings/tom-true.png"
"""In the 18th Congressional District, 100% of electric generation comes from coal.""","","http://www.politifact.com/subjects/climate-change/statements/?page=8","http://static.politifact.com.s3.amazonaws.com/rulings/tom-true.png"
"On a cap-and-trade plan.","","http://www.politifact.com/subjects/climate-change/statements/?page=9","http://static.politifact.com.s3.amazonaws.com/rulings/fom-fullFlop.png"
"""I don’t understand what Republicans are doing against this. It was their idea. John McCain introduced cap and trade legislation three times.""","","http://www.politifact.com/subjects/climate-change/statements/?page=8","http://static.politifact.com.s3.amazonaws.com/rulings/tom-true.png"
"Says that in the U.S. House of Representatives ""we’ve had bipartisan support for the repeal of Obamacare … for getting rid of cap and trade … for building the Keystone Pipeline.""","","http://www.politifact.com/subjects/climate-change/statements/?page=6","http://static.politifact.com.s3.amazonaws.com/rulings/tom-true.png"
"Rick Boucher ""helped write"" the cap-and-trade bill","","http://www.politifact.com/subjects/climate-change/statements/?page=8","http://static.politifact.com.s3.amazonaws.com/rulings/tom-halftrue.png"
"The ""post-Soviet industrial meltdown is responsible for most of the progress in reducing carbon emissions that Europe is able to claim.""","","http://www.politifact.com/subjects/climate-change/statements/?page=9","http://static.politifact.com.s3.amazonaws.com/rulings/tom-mostlytrue.png"
"""There are already more American jobs in the solar industry than in coal mining.""","","http://www.politifact.com/subjects/climate-change/statements/?page=4","http://static.politifact.com.s3.amazonaws.com/rulings/tom-true.png"
"The Obama administration’s ""own Environmental Protection Agency"" has said its Clean Power Plan ""will have a marginal impact on climate change.""","","http://www.politifact.com/subjects/climate-change/statements/?page=3","http://static.politifact.com.s3.amazonaws.com/rulings/tom-halftrue.png"
"Tide gauges measuring sea level in Rhode Island since 1930 have risen ""maybe about 10 inches since that time.""","","http://www.politifact.com/subjects/climate-change/statements/?page=6","http://static.politifact.com.s3.amazonaws.com/rulings/tom-mostlytrue.png"
"""Many of the alarmists on global warming, they’ve got a problem because the science doesn’t back them up. In particular, satellite data demonstrate for the last 17 years, there’s been zero warming.""","","http://www.politifact.com/subjects/climate-change/statements/?page=3","http://static.politifact.com.s3.amazonaws.com/rulings/tom-mostlyfalse.png"
"""Global warming is a hoax.""","","http://www.politifact.com/subjects/climate-change/statements/?page=4","http://static.politifact.com.s3.amazonaws.com/rulings/tom-pantsonfire.gif"
"""In reality, gas produced by fracking is worse for the climate than coal.""","","http://www.politifact.com/subjects/climate-change/statements/?page=2","http://static.politifact.com.s3.amazonaws.com/rulings/tom-halftrue.png"
"Americans ""bought into climate change"" in 2004-06, but then most ""began wandering away from this issue.""","","http://www.politifact.com/subjects/climate-change/statements/?page=4","http://static.politifact.com.s3.amazonaws.com/rulings/tom-halftrue.png"
"""Every single month since 1985 has been warmer than the historic average. All 12 of the warmest years on record have come in the last 15 years.""","","http://www.politifact.com/subjects/climate-change/statements/?page=5","http://static.politifact.com.s3.amazonaws.com/rulings/tom-true.png"
"The cap-and-trade bill will mean ""2 million jobs lost.""","","http://www.politifact.com/subjects/climate-change/statements/?page=9","http://static.politifact.com.s3.amazonaws.com/rulings/tom-mostlyfalse.png"
"""The elimination of essentially every automobile would be offset by one volcano exploding.""","","http://www.politifact.com/subjects/climate-change/statements/?page=3","http://static.politifact.com.s3.amazonaws.com/rulings/tom-false.png"
"The Paris Agreement ""is by far the largest number of countries ever to sign an international agreement on a single day.""","","http://www.politifact.com/subjects/climate-change/statements/?page=2","http://static.politifact.com.s3.amazonaws.com/rulings/tom-mostlytrue.png"
"The proposed Keystone XL oil pipeline is a bipartisan proposal.","","http://www.politifact.com/subjects/climate-change/statements/?page=7","http://static.politifact.com.s3.amazonaws.com/rulings/tom-mostlytrue.png"
"Says Donald Trump ""thinks that climate change is a hoax, invented by the Chinese.""","","http://www.politifact.com/subjects/climate-change/statements/?page=2","http://static.politifact.com.s3.amazonaws.com/rulings/tom-mostlytrue.png"
"""We have spent $350 million to deal with sea-level rise"" in the Miami area and ""hundreds of millions of dollars to deal with coral reefs.""","","http://www.politifact.com/subjects/climate-change/statements/?page=3","http://static.politifact.com.s3.amazonaws.com/rulings/tom-mostlyfalse.png"
"On climate change, ""the temperature readings have been fabricated, and it's all blowing up in their (scientists') faces.""","","http://www.politifact.com/subjects/climate-change/statements/?page=3","http://static.politifact.com.s3.amazonaws.com/rulings/tom-pantsonfire.gif"
"Tim Kaine supported ""higher energy costs for families.""","","http://www.politifact.com/subjects/climate-change/statements/?page=6","http://static.politifact.com.s3.amazonaws.com/rulings/tom-mostlyfalse.png"
"Global warming leads to much quicker spread of the Zika virus because the increased temperature, ""makes mosquitoes mature faster,  . . . bite more due to having a higher metabolism, and makes the Zika virus inside of them incubate faster.""","","","http://static.politifact.com.s3.amazonaws.com/rulings/tom-halftrue.png"
"Cap and trade legislation that Zack Space supported ""would cost the average household approximately $1,761 per year in increased energy rates.""","","http://www.politifact.com/subjects/climate-change/statements/?page=8","http://static.politifact.com.s3.amazonaws.com/rulings/tom-pantsonfire.gif"
"""Fifteen out of the 20 most polluted cities in the world"" are in India and China.","","http://www.politifact.com/subjects/climate-change/statements/?page=2","http://static.politifact.com.s3.amazonaws.com/rulings/tom-mostlytrue.png"
"Earth ""has not warmed for the last 17 years.""","","http://www.politifact.com/subjects/climate-change/statements/?page=5","http://static.politifact.com.s3.amazonaws.com/rulings/tom-mostlyfalse.png"
"Sen. Marco Rubio ""refuses to accept the basic science"" on climate change and is ""a climate change denier.""","","http://www.politifact.com/subjects/climate-change/statements/?page=5","http://static.politifact.com.s3.amazonaws.com/rulings/tom-mostlytrue.png"
"""Over 97 percent of the scientific community … believe that humans are contributing to climate change.""","","http://www.politifact.com/subjects/climate-change/statements/?page=2","http://static.politifact.com.s3.amazonaws.com/rulings/tom-mostlytrue.png"
"Says ""the cascading effects"" of climate change contributed to the rise of ISIS.","","http://www.politifact.com/subjects/climate-change/statements/?page=2","http://static.politifact.com.s3.amazonaws.com/rulings/tom-mostlytrue.png"
"""A major part"" of the climate change bill sponsored by Sens. John Kerry and Joe Lieberman ""was essentially written by BP.""","","http://www.politifact.com/subjects/climate-change/statements/?page=8","http://static.politifact.com.s3.amazonaws.com/rulings/tom-false.png"
"""NASA scientists fudged the numbers to make 1998 the hottest year to overstate the extent of global warming.""","","http://www.politifact.com/subjects/climate-change/statements/?page=4","http://static.politifact.com.s3.amazonaws.com/rulings/tom-pantsonfire.gif"
"The climate-change agreement between the United States and China ""requires the Chinese to do nothing at all for 16 years.""","","http://www.politifact.com/subjects/climate-change/statements/?page=3","http://static.politifact.com.s3.amazonaws.com/rulings/tom-mostlyfalse.png"
"The cap-and-trade bill before Congress ""prevents you from selling your home without the permission of the EPA administrator.""","","http://www.politifact.com/subjects/climate-change/statements/?page=8","http://static.politifact.com.s3.amazonaws.com/rulings/tom-pantsonfire.gif"
"""This March, for the first time in human history, the monthly average carbon dioxide in our atmosphere exceeded 400 parts per million. The range had been 170-300 parts per million for hundreds of thousands of years.""","","http://www.politifact.com/subjects/climate-change/statements/?page=3","http://static.politifact.com.s3.amazonaws.com/rulings/tom-true.png"
"""61 percent of non-tea party Republicans actually agree...there is 'solid evidence the earth is warming,' ...[but] 70 percent of tea partiers, contrarily, say there is 'no solid evidence' the earth is warming.""","","http://www.politifact.com/subjects/climate-change/statements/?page=5","http://static.politifact.com.s3.amazonaws.com/rulings/tom-mostlytrue.png"
"The National Science Foundation awarded $700,000 to fund a climate change musical.","","http://www.politifact.com/subjects/climate-change/statements/?page=4","http://static.politifact.com.s3.amazonaws.com/rulings/tom-true.png"
"Says Texas wildfires are linked to climate change.","","http://www.politifact.com/subjects/climate-change/statements/?page=7","http://static.politifact.com.s3.amazonaws.com/rulings/tom-halftrue.png"
"""For the last decade the climate has been cooling.""","","http://www.politifact.com/subjects/climate-change/statements/?page=9","http://static.politifact.com.s3.amazonaws.com/rulings/tom-false.png"
"""Every day, oil continues to pour into the Gulf of Mexico. ... Even with disaster on our coast..., Richard Burr voted to let big oil off the hook.""","","http://www.politifact.com/subjects/climate-change/statements/?page=8","http://static.politifact.com.s3.amazonaws.com/rulings/tom-halftrue.png"
"Says climate scientist James Hansen says ""we have until perhaps 50 years from now,"" or maybe a little longer ""and at that point, we are looking at 10, 20, 30 feet of sea-level rise.""","","","http://static.politifact.com.s3.amazonaws.com/rulings/tom-false.png"
"""The president has said the national security threat facing America, the top one, is global warming.""","","","http://static.politifact.com.s3.amazonaws.com/rulings/tom-mostlyfalse.png"
"Human activity is not ""causing these dramatic changes to our climate.""","","http://www.politifact.com/subjects/climate-change/statements/?page=4","http://static.politifact.com.s3.amazonaws.com/rulings/tom-false.png"
"""You don't have to be as smart as a fifth-grader to know what causes the climate is the sun. The sun.  I have people tell me, ‘Carbon dioxide warms the Earth.’  No, it doesn't.  The sun warms the Earth.""","","http://www.politifact.com/subjects/climate-change/statements/?page=3","http://static.politifact.com.s3.amazonaws.com/rulings/tom-mostlyfalse.png"
"""The market is making this decision. The market has driven down the cost of coal, so you have companies going bankrupt.""","","http://www.politifact.com/subjects/climate-change/statements/?page=2","http://static.politifact.com.s3.amazonaws.com/rulings/tom-mostlytrue.png"
"Says that Sherrod Brown is an ""Obama rubber stamp"" for ""supporting the job-killing cap and trade plan.""","","http://www.politifact.com/subjects/climate-change/statements/?page=6","http://static.politifact.com.s3.amazonaws.com/rulings/tom-false.png"
"""The Earth is not warming.""","","http://www.politifact.com/subjects/climate-change/statements/?page=5","http://static.politifact.com.s3.amazonaws.com/rulings/tom-pantsonfire.gif"
"The ocean is now ""much more acidic . . . than it has been for many millions of years.""","","http://www.politifact.com/subjects/climate-change/statements/?page=5","http://static.politifact.com.s3.amazonaws.com/rulings/tom-halftrue.png"
"California has ""robust job growth that outpaces the rest of the nation.""","","http://www.politifact.com/subjects/climate-change/statements/?page=2","http://static.politifact.com.s3.amazonaws.com/rulings/tom-mostlytrue.png"
"""The EPA director under Obama said the Clean Power Initiative would have no effect on man-made CO2 emissions. That's what she said. Go look it up.""","","","http://static.politifact.com.s3.amazonaws.com/rulings/tom-false.png"
"The ""most realistic estimates"" for jobs created by Keystone XL are ""maybe 2,000 jobs during the construction of the pipeline.""","","http://www.politifact.com/subjects/climate-change/statements/?page=5","http://static.politifact.com.s3.amazonaws.com/rulings/tom-false.png"
"Says Donald Trump was ""caught investing in (the) Dakota Pipeline before signing it.""","","","http://static.politifact.com.s3.amazonaws.com/rulings/tom-false.png"
"The Obama administration is ""proposing to mine another 10 billion tons of Wyoming coal, which would unleash three times more carbon pollution than Obama's Clean Power Plan would even save through 2030.""","","http://www.politifact.com/subjects/climate-change/statements/?page=3","http://static.politifact.com.s3.amazonaws.com/rulings/tom-mostlyfalse.png"
"""I believe we should have tax on carbon and deal aggressively with climate change. That is not (Hillary Clinton's) position.""","","http://www.politifact.com/subjects/climate-change/statements/?page=2","http://static.politifact.com.s3.amazonaws.com/rulings/tom-mostlytrue.png"
"""One of the reasons that Budweiser stayed in New Jersey is the money they got from RGGI to put solar on their roof to save on their energy costs.""","","http://www.politifact.com/subjects/climate-change/statements/?page=7","http://static.politifact.com.s3.amazonaws.com/rulings/tom-false.png"
"""There is not a single candidate in the Republican primary that thinks we should do anything about climate change.""","","http://www.politifact.com/subjects/climate-change/statements/?page=2","http://static.politifact.com.s3.amazonaws.com/rulings/tom-mostlytrue.png"
"Says Hillary Clinton and Tim Kaine ""want to shut down shale, and shut down natural gas.""","","","http://static.politifact.com.s3.amazonaws.com/rulings/tom-halftrue.png"
"""What (the Obama administration is) going to come out with in the next several months is you're not even going to be able to burn coal very limitedly in the existing plants.""","","http://www.politifact.com/subjects/climate-change/statements/?page=4","http://static.politifact.com.s3.amazonaws.com/rulings/tom-false.png"
"""One hundred and ninety-four countries signed the Paris Agreement to control greenhouse gases. Our own voluntary agreement to accomplish the same goal — the Under2  MOU — has 165 signatories, representing a billion people.""","","","http://static.politifact.com.s3.amazonaws.com/rulings/tom-mostlytrue.png"
"Says Charlie Crist rode on a jet that ""belongs to a serial polluter with a history of environmental violations fined nearly $2 million for polluting water.""","","http://www.politifact.com/subjects/climate-change/statements/?page=4","http://static.politifact.com.s3.amazonaws.com/rulings/tom-true.png"
"""Science has not shown greenhouse gases to be a problem.""","","http://www.politifact.com/subjects/climate-change/statements/?page=6","http://static.politifact.com.s3.amazonaws.com/rulings/tom-pantsonfire.gif"
"""Sen. George LeMieux voted to let oil companies off the hook and overturn pollution rules.""","","http://www.politifact.com/subjects/climate-change/statements/?page=8","http://static.politifact.com.s3.amazonaws.com/rulings/tom-halftrue.png"
"Cap and trade legislation ""was originally a Republican idea.""","","http://www.politifact.com/subjects/climate-change/statements/?page=4","http://static.politifact.com.s3.amazonaws.com/rulings/tom-mostlytrue.png"
"""January through November 2014, the year so far, were the hottest first 11 months of any year recorded.""","","http://www.politifact.com/subjects/climate-change/statements/?page=3","http://static.politifact.com.s3.amazonaws.com/rulings/tom-true.png"
"Says ""Donald Trump says climate change is a hoax invented by the Chinese.""","","","http://static.politifact.com.s3.amazonaws.com/rulings/tom-mostlytrue.png"
"""I did not — I did not — I do not say that. I do not say that"" climate change is a hoax perpetrated by the Chinese.","","","http://static.politifact.com.s3.amazonaws.com/rulings/tom-mostlyfalse.png"
"Says Rick Scott took $200,000 in campaign contributions from a company that ""profited off pollution.""","","http://www.politifact.com/subjects/climate-change/statements/?page=4","http://static.politifact.com.s3.amazonaws.com/rulings/tom-halftrue.png"
"Tells David Cicilline, ""94 percent of the carbon emissions which you so want to get rid of are caused by nature.""","","http://www.politifact.com/subjects/climate-change/statements/?page=8","http://static.politifact.com.s3.amazonaws.com/rulings/tom-false.png"
"Says Lloyd Doggett voted for the health care, stimulus and cap-and-trade bills.","","http://www.politifact.com/subjects/climate-change/statements/?page=8","http://static.politifact.com.s3.amazonaws.com/rulings/tom-true.png"
"""The most recent survey of climate scientists said about 57 percent don’t agree with the idea that 95 percent of the change in the climate is caused by CO2.""","","http://www.politifact.com/subjects/climate-change/statements/?page=3","http://static.politifact.com.s3.amazonaws.com/rulings/tom-false.png"
"""When I was fighting against cap and trade, the speaker was sitting down with Nancy Pelosi on a sofa encouraging it.""","","http://www.politifact.com/subjects/climate-change/statements/?page=7","http://static.politifact.com.s3.amazonaws.com/rulings/tom-halftrue.png"
"Newt Gingrich ""teamed with Nancy Pelosi and Al Gore on global warming.""","","http://www.politifact.com/subjects/climate-change/statements/?page=7","http://static.politifact.com.s3.amazonaws.com/rulings/tom-true.png"
"Says that President Obama said in 2008 that his proposed greenhouse gas regulations ""will bankrupt"" anyone who wants to build a new coal-fired power plant.","","http://www.politifact.com/subjects/climate-change/statements/?page=8","http://static.politifact.com.s3.amazonaws.com/rulings/tom-mostlytrue.png"
"""Mike Morell testified and told Congress that the reason Obama has not bombed ISIS' oil fields is they're concerned about global warming.""","","http://www.politifact.com/subjects/climate-change/statements/?page=2","http://static.politifact.com.s3.amazonaws.com/rulings/tom-false.png"
"""The Congressional Budget Office -- supposedly non-partisan -- estimates that in just a few years the average cost to every family of four (from cap and trade) will be $6,800 per year.""","","http://www.politifact.com/subjects/climate-change/statements/?page=9","http://static.politifact.com.s3.amazonaws.com/rulings/tom-false.png"
"""Job losses are so certain under this new cap-and-tax plan that it includes a provision accommodating newly unemployed workers from the resulting dried-up energy sector, to the tune of $4.2 billion over eight years. So much for creating jobs.""","","http://www.politifact.com/subjects/climate-change/statements/?page=9","http://static.politifact.com.s3.amazonaws.com/rulings/tom-mostlytrue.png"
"New carbon regulations will increase electric bills by ""$17 billion every year"" and ""potentially put an average of 224,000 more people out of work every year.""","","http://www.politifact.com/subjects/climate-change/statements/?page=4","http://static.politifact.com.s3.amazonaws.com/rulings/tom-false.png"
"""Obama’s Clean Power Plan ... eliminates coal-fired power plants.""","","http://www.politifact.com/subjects/climate-change/statements/?page=3","http://static.politifact.com.s3.amazonaws.com/rulings/tom-mostlyfalse.png"
"North Carolina’s coast ""is possibly the best place in (the) U.S. for an offshore windfarm.""","","","http://static.politifact.com.s3.amazonaws.com/rulings/tom-mostlytrue.png"
"""There has been no net global warming for over a decade now.""","","http://www.politifact.com/subjects/climate-change/statements/?page=9","http://static.politifact.com.s3.amazonaws.com/rulings/tom-false.png"
"A government report shows that alternatives to the Keystone XL pipeline ""are worse"" for the environment.","","http://www.politifact.com/subjects/climate-change/statements/?page=5","http://static.politifact.com.s3.amazonaws.com/rulings/tom-halftrue.png"
"On a cap-and-trade plan.","","http://www.politifact.com/subjects/climate-change/statements/?page=9","http://static.politifact.com.s3.amazonaws.com/rulings/fom-fullFlop.png"
"Says Tom Steyer is a ""California billionaire who stands to profit by blocking Keystone"" and ""is spending big to help"" Bruce Braley.","","http://www.politifact.com/subjects/climate-change/statements/?page=4","http://static.politifact.com.s3.amazonaws.com/rulings/tom-mostlyfalse.png"
"""The White House removed its climate change web page. And the healthcare, civil rights and LGBT sections.""","","","http://static.politifact.com.s3.amazonaws.com/rulings/tom-mostlytrue.png"
"The Climatic Research Unit e-mails show that the science behind climate change ""has been pretty well debunked.""","","http://www.politifact.com/subjects/climate-change/statements/?page=9","http://static.politifact.com.s3.amazonaws.com/rulings/tom-false.png"
"Says Hillary Clinton ""negotiated the first agreement — ever — where China and India officially committed to reduce their emissions.""","","","http://static.politifact.com.s3.amazonaws.com/rulings/tom-halftrue.png"
"""I can tell you with certainty (cap and trade) would have a devastating impact on our economy.""","","http://www.politifact.com/subjects/climate-change/statements/?page=3","http://static.politifact.com.s3.amazonaws.com/rulings/tom-false.png"
"Commerce Secretary nominee John Bryson ""appears to endorse world government.""","","http://www.politifact.com/subjects/climate-change/statements/?page=7","http://static.politifact.com.s3.amazonaws.com/rulings/tom-false.png"
"In the past three years, ""we've added enough new oil and gas pipeline to circle the Earth and then some.""","","http://www.politifact.com/subjects/climate-change/statements/?page=7","http://static.politifact.com.s3.amazonaws.com/rulings/tom-true.png"
"""For every single scientist that tells you (global warming is) happening and that it's our fault...I can stack up another group of reports that say just the opposite.""","","http://www.politifact.com/subjects/climate-change/statements/?page=10","http://static.politifact.com.s3.amazonaws.com/rulings/tom-false.png"
"""...the earth moves closer to the sun every year – you know the rotation of the earth. We’re moving closer to the sun.""","","","http://static.politifact.com.s3.amazonaws.com/rulings/tom-false.png"
"Says Texas ranks first among the states in the amount of carbon dioxide emitted and toxic chemicals released into water.","","http://www.politifact.com/subjects/climate-change/statements/?page=6","http://static.politifact.com.s3.amazonaws.com/rulings/tom-halftrue.png"
"The American Power Act ""would cut our dependence on oil in half.""","","http://www.politifact.com/subjects/climate-change/statements/?page=8","http://static.politifact.com.s3.amazonaws.com/rulings/tom-halftrue.png"
"""Virtually no Republican"" in Washington accepts climate change science.","","http://www.politifact.com/subjects/climate-change/statements/?page=4","http://static.politifact.com.s3.amazonaws.com/rulings/tom-mostlytrue.png"
"""The Clean Power Plan is something that Sen. Sanders has said he would delay implementing.""","","http://www.politifact.com/subjects/climate-change/statements/?page=2","http://static.politifact.com.s3.amazonaws.com/rulings/tom-false.png"
"Says Ocean Spray is moving its Bordentown processing facility to Pennsylvania largely because of costs associated with the Regional Greenhouse Gas Initiative.","","http://www.politifact.com/subjects/climate-change/statements/?page=7","http://static.politifact.com.s3.amazonaws.com/rulings/tom-false.png"
"""Every major study that has been done by a legitimate group ... shows that there are hundreds of thousands of jobs to be created if you pass our (cap-and-trade) legislation. And if you wind up pricing carbon.""","","http://www.politifact.com/subjects/climate-change/statements/?page=8","http://static.politifact.com.s3.amazonaws.com/rulings/tom-false.png"
"""If the United States moves ahead by itself (on cap-and-trade)... after 30 or 40 years, we're going to reduce CO2 by less than 1 percent.""","","http://www.politifact.com/subjects/climate-change/statements/?page=9","http://static.politifact.com.s3.amazonaws.com/rulings/tom-halftrue.png"
"Says Hillary Clinton and millennials have the same positions on climate change, abortion rights, immigration reform, gay rights and college affordability. ""Donald Trump doesn't.""","","","http://static.politifact.com.s3.amazonaws.com/rulings/tom-mostlytrue.png"
